[
  {
    "Id": "0",
    "Name": "ExpressProfiler v1.5",
    "DevelopmentStatus": "Stable",
    "Description": "{\"[+]\"} added Start time, End time event columns\n{\"[+]\"} added SP:StmtStarting, SP:StmtCompleted events\n{\"[*]\"} fixed bug with Audit:Logout event",
    "ReleasedDatge": "0001-01-01T00:00:00",
    "ModifiedDate": "2013-06-17T12:42:16.023-07:00",
    "Files": [
      {
        "Id": "f5ae3674-df45-4dbe-9c66-3170b4cce7cb",
        "FileName": "ExpressProfiler15.zip",
        "Url": "./0/f5ae3674-df45-4dbe-9c66-3170b4cce7cb",
        "Type": "Application",
        "UploadDate": "2013-06-17T12:40:43.173-07:00"
      }
    ]
  },
  {
    "Id": "1",
    "Name": "ExpressProfiler v1.4",
    "DevelopmentStatus": "Stable",
    "Description": "{\"[+] added Find\"}\n{\"[+] added export events to XML\"}\n{\"[+] added save for user settings (server name, user name etc)\"}\n{\"[+] added multiselect to event list\"}\n{\"[+] added menu, some GUI improvements etc\"}",
    "ReleasedDatge": "0001-01-01T00:00:00",
    "ModifiedDate": "2013-06-17T12:42:32.42-07:00",
    "Files": [
      {
        "Id": "4fb5ef59-3620-4b9f-bf49-2b1224a80a3d",
        "FileName": "ExpressProfiler14.zip",
        "Url": "./1/4fb5ef59-3620-4b9f-bf49-2b1224a80a3d",
        "Type": "Application",
        "UploadDate": "2013-03-19T07:16:20.647-07:00"
      }
    ]
  },
  {
    "Id": "2",
    "Name": "ExpressProfiler v1.3",
    "DevelopmentStatus": "Stable",
    "Description": "{\"[+] added filter on Duration column, added command line parameter for duration\"}\n{\"[+] added -start command line parameter\"}\n{\"[*] small GUI changes - added buttons for clear trace, added lb for explicit auth selection\"}\n{\"[*] changed formatting for numeric columns\"}\n{\"[*] fixed filter on int/bigint column\"}\n{\"[-] xtra code/classes removed \"}",
    "ReleasedDatge": "0001-01-01T00:00:00",
    "ModifiedDate": "2013-06-17T12:31:37.937-07:00",
    "Files": [
      {
        "Id": "ca91a2b9-32e9-4b52-baaf-7ceaf5fcdf00",
        "FileName": "ExpressProfiler13.zip",
        "Url": "./2/ca91a2b9-32e9-4b52-baaf-7ceaf5fcdf00",
        "Type": "Application",
        "UploadDate": "2013-02-11T08:05:35.35-08:00"
      }
    ]
  },
  {
    "Id": "3",
    "Name": "Initial release of ExpressProfiler v1.2",
    "DevelopmentStatus": "Stable",
    "Description": "This is initial release of ExpressProfiler\n\nUPD: ExpressProfiler v1.4 added to archive",
    "ReleasedDatge": "0001-01-01T00:00:00",
    "ModifiedDate": "2013-06-17T12:29:39.72-07:00",
    "Files": [
      {
        "Id": "d813e0fa-d5bc-43a8-8311-e96328d957d2",
        "FileName": "ExpressProfiler.zip",
        "Url": "./3/d813e0fa-d5bc-43a8-8311-e96328d957d2",
        "Type": "Application",
        "UploadDate": "2013-06-05T03:54:00.473-07:00"
      }
    ]
  },
  {
    "Id": "4",
    "Name": "Express profiler 2.1 (2.2)",
    "DevelopmentStatus": "Stable",
    "Description": "* Additional filtering by host/login name, query text, etc\n* added EPS counters\n* added draft for export to xls\n* default events count changed from 1K to 5K\n* minor bugfixes\n* Additinal sorting\n* Misc fixed and improvements\n* added support for filters at command line",
    "ReleasedDatge": "0001-01-01T00:00:00",
    "ModifiedDate": "2016-02-15T06:36:01.287-08:00",
    "Files": [
      {
        "Id": "63757226-4a6e-42ed-a38a-c2549c3a0e4c",
        "FileName": "ExpressProfiler22wAddinSigned.zip",
        "Url": "./4/63757226-4a6e-42ed-a38a-c2549c3a0e4c",
        "Type": "Application",
        "UploadDate": "2016-02-15T06:36:01.13-08:00"
      }
    ]
  }
]