{
  "WorkItem": {
    "AffectedComponent": {
      "Name": "",
      "DisplayName": ""
    },
    "ClosedComment": "",
    "ClosedDate": "2016-02-15T06:09:24.73-08:00",
    "CommentCount": 0,
    "Custom": null,
    "Description": "A way to save/execute predefined filters. Also would be cool the filters to store the server name and authentication for faster use.\n\nSomething like : \n1. Start the Express profiler ( automatically load the last filter )\n2. Select a new filter if necessary \n3. Start the trace \n\nLet me know if you have questions .",
    "LastUpdatedDate": "2016-02-15T06:09:24.73-08:00",
    "PlannedForRelease": "",
    "ReleaseVisibleToPublic": false,
    "Priority": {
      "Name": "Unassigned",
      "Severity": 0,
      "Id": 0
    },
    "ProjectName": "ExpressProfiler",
    "ReportedDate": "2015-11-10T06:43:07.407-08:00",
    "Status": {
      "Name": "Closed",
      "Id": 4
    },
    "ReasonClosed": {
      "Name": "Fixed"
    },
    "Summary": "Predefined filters",
    "Type": {
      "Name": "Unassigned",
      "Id": 5
    },
    "VoteCount": 1,
    "Id": 2755
  },
  "FileAttachments": [],
  "Comments": [
    {
      "Message": "use \"set as default\" button at bottom of Trace Properties dialog",
      "PostedDate": "2016-02-15T06:09:15.953-08:00",
      "Id": -2147483648
    },
    {
      "Message": "",
      "PostedDate": "2016-02-15T06:09:24.73-08:00",
      "Id": -2147483648
    }
  ]
}