{
  "WorkItem": {
    "AffectedComponent": {
      "Name": "",
      "DisplayName": ""
    },
    "ClosedComment": "",
    "ClosedDate": "2014-07-31T15:34:47.383-07:00",
    "CommentCount": 0,
    "Custom": null,
    "Description": "After connecting to a LocalDb instance from ExpressProfiler, I get two events/second, without any actual access to the DB.\n\nIt would be nice to be able to filter events based e.g. on the event class.\n\n![Image](http://i.snag.gy/8Ssxb.jpg)",
    "LastUpdatedDate": "2014-07-31T15:34:47.383-07:00",
    "PlannedForRelease": "",
    "ReleaseVisibleToPublic": false,
    "Priority": {
      "Name": "Unassigned",
      "Severity": 0,
      "Id": 0
    },
    "ProjectName": "ExpressProfiler",
    "ReportedDate": "2014-01-17T08:07:53.2-08:00",
    "Status": {
      "Name": "Closed",
      "Id": 4
    },
    "ReasonClosed": {
      "Name": "Unassigned"
    },
    "Summary": "Impossible to filter out cruft",
    "Type": {
      "Name": "Unassigned",
      "Id": 5
    },
    "VoteCount": 1,
    "Id": 1868
  },
  "FileAttachments": [
    {
      "FileId": 723,
      "FileName": "Capture.PNG",
      "DownloadUrl": ".\\723"
    }
  ],
  "Comments": [
    {
      "Message": "Figured out where the messages came from: another profiler on the same database :)\nTurning that off makes life a lot easier. \r\n\r\nI still think a filter would be useful, though.",
      "PostedDate": "2014-01-17T08:09:29.32-08:00",
      "Id": -2147483648
    },
    {
      "Message": "Events can be chosen via File->Start->run with filters->Columns and events->Events\n",
      "PostedDate": "2014-01-18T11:47:33.46-08:00",
      "Id": -2147483648
    },
    {
      "Message": "",
      "PostedDate": "2014-07-31T15:34:47.383-07:00",
      "Id": -2147483648
    }
  ]
}