{
  "WorkItem": {
    "AffectedComponent": {
      "Name": "",
      "DisplayName": ""
    },
    "ClosedComment": "",
    "ClosedDate": "2014-07-31T15:05:51.757-07:00",
    "CommentCount": 0,
    "Custom": null,
    "Description": "Is it possible to do it\n\nhttp://www.sqlpassion.at/archive/2011/12/01/the-blocked-process-report/\n\n\nthanx",
    "LastUpdatedDate": "2017-12-11T00:47:33.97-08:00",
    "PlannedForRelease": "",
    "ReleaseVisibleToPublic": false,
    "Priority": {
      "Name": "Unassigned",
      "Severity": 0,
      "Id": 0
    },
    "ProjectName": "ExpressProfiler",
    "ReportedDate": "2014-03-03T04:11:10.96-08:00",
    "Status": {
      "Name": "Closed",
      "Id": 4
    },
    "ReasonClosed": {
      "Name": "Unassigned"
    },
    "Summary": "The Blocked Process Report",
    "Type": {
      "Name": "Feature",
      "Id": 1
    },
    "VoteCount": 1,
    "Id": 1910
  },
  "FileAttachments": [],
  "Comments": [
    {
      "Message": "Resolved with changeset 39247: [1910] The Blocked Process Report\n[2197] SPID/Application filter",
      "PostedDate": "2014-07-31T15:05:51.757-07:00",
      "Id": -2147483648
    },
    {
      "Message": "",
      "PostedDate": "2017-12-11T00:47:33.97-08:00",
      "Id": -2147483648
    }
  ]
}