{
  "WorkItem": {
    "AffectedComponent": {
      "Name": "",
      "DisplayName": ""
    },
    "ClosedComment": "",
    "ClosedDate": "2016-02-15T06:20:17.827-08:00",
    "CommentCount": 0,
    "Custom": null,
    "Description": "Would be good to give the option to change the font of the UI. A fixed distance font is often easier for looking at SQL.",
    "LastUpdatedDate": "2016-02-15T06:20:17.827-08:00",
    "PlannedForRelease": "",
    "ReleaseVisibleToPublic": false,
    "Priority": {
      "Name": "Unassigned",
      "Severity": 0,
      "Id": 0
    },
    "ProjectName": "ExpressProfiler",
    "ReportedDate": "2015-07-07T15:09:16.367-07:00",
    "Status": {
      "Name": "Closed",
      "Id": 4
    },
    "ReasonClosed": {
      "Name": "Unassigned"
    },
    "Summary": "Fixed Distance Font",
    "Type": {
      "Name": "Unassigned",
      "Id": 5
    },
    "VoteCount": 2,
    "Id": 2707
  },
  "FileAttachments": [],
  "Comments": [
    {
      "Message": "Resolved with changeset 43326: [2707] Fixed Distance Font\nSQL font changed to Courier New",
      "PostedDate": "2016-02-15T06:20:17.827-08:00",
      "Id": -2147483648
    }
  ]
}