[
  {
    "Id": 1526,
    "Title": "Export feature"
  },
  {
    "Id": 1545,
    "Title": "Add Current Date/Time"
  },
  {
    "Id": 1668,
    "Title": "Online query normalization"
  },
  {
    "Id": 1669,
    "Title": "online extraction of actual query from prepared statements/sp_executesql"
  },
  {
    "Id": 1670,
    "Title": "Online statistics by normalized statements"
  },
  {
    "Id": 1671,
    "Title": "Additional filtering by host/login name, query text, etc"
  },
  {
    "Id": 1707,
    "Title": "server can not connect"
  },
  {
    "Id": 1751,
    "Title": "Current row lost focus."
  },
  {
    "Id": 1765,
    "Title": "Bug with single \\n in sql"
  },
  {
    "Id": 1768,
    "Title": "Fix lexing hex literals"
  },
  {
    "Id": 1826,
    "Title": "Maximum events count not persisted"
  },
  {
    "Id": 1833,
    "Title": "Need DataTime on Trace Grid View."
  },
  {
    "Id": 1868,
    "Title": "Impossible to filter out cruft"
  },
  {
    "Id": 1910,
    "Title": "The Blocked Process Report"
  },
  {
    "Id": 1924,
    "Title": "Feature request - more than one value for filters"
  },
  {
    "Id": 2089,
    "Title": "Feature request - Add column for FROM in sql"
  },
  {
    "Id": 2135,
    "Title": "Copy for Excel not working"
  },
  {
    "Id": 2144,
    "Title": "Should prompt to confirm exit if a trace is running"
  },
  {
    "Id": 2145,
    "Title": "Find dialog requires more options"
  },
  {
    "Id": 2146,
    "Title": "List view requires start and end time columns"
  },
  {
    "Id": 2197,
    "Title": "SPID/Application filter"
  },
  {
    "Id": 2226,
    "Title": "Menus should have access keys"
  },
  {
    "Id": 2258,
    "Title": "Unhandled exception when Server is inaccessible"
  },
  {
    "Id": 2472,
    "Title": "Unhandled exception thrown if the connection is lost"
  },
  {
    "Id": 2575,
    "Title": "Problems with \"Copy all for Excel\""
  },
  {
    "Id": 2598,
    "Title": "More Columns"
  },
  {
    "Id": 2631,
    "Title": "Bug \"stay on top\" and find"
  },
  {
    "Id": 2707,
    "Title": "Fixed Distance Font"
  },
  {
    "Id": 2755,
    "Title": "Predefined filters"
  },
  {
    "Id": 2774,
    "Title": "Add filter for HostName"
  },
  {
    "Id": 2775,
    "Title": "Missing filter.ico"
  },
  {
    "Id": 2777,
    "Title": "Support Linux (wine)"
  },
  {
    "Id": 2784,
    "Title": "Application Name filter not working"
  },
  {
    "Id": 2787,
    "Title": "DatabaseName column"
  },
  {
    "Id": 2817,
    "Title": "HostName filter is not visible"
  },
  {
    "Id": 2820,
    "Title": "Please support SQL Compact and/or SQLite"
  },
  {
    "Id": 2821,
    "Title": "Chrome block downloads of ExpressProfiler"
  }
]