{
  "WorkItem": {
    "AffectedComponent": {
      "Name": "",
      "DisplayName": ""
    },
    "ClosedComment": "",
    "ClosedDate": "2016-02-15T02:57:59.727-08:00",
    "CommentCount": 0,
    "Custom": null,
    "Description": "Hello i found a bug.\n\nwhen you take the windows on \"stay on top\" and you make a search (ctrl+f) the box of search go behind the principal windows and you can't move the windows. \n\n(sorry for bad english)\n\nthanks you",
    "LastUpdatedDate": "2016-02-15T02:57:59.727-08:00",
    "PlannedForRelease": "",
    "ReleaseVisibleToPublic": false,
    "Priority": {
      "Name": "Unassigned",
      "Severity": 0,
      "Id": 0
    },
    "ProjectName": "ExpressProfiler",
    "ReportedDate": "2015-02-24T07:34:15.103-08:00",
    "Status": {
      "Name": "Closed",
      "Id": 4
    },
    "ReasonClosed": {
      "Name": "Unassigned"
    },
    "Summary": "Bug \"stay on top\" and find",
    "Type": {
      "Name": "Unassigned",
      "Id": 5
    },
    "VoteCount": 1,
    "Id": 2631
  },
  "FileAttachments": [],
  "Comments": [
    {
      "Message": "Resolved with changeset 43322: [2631] Bug \"stay on top\" and find",
      "PostedDate": "2016-02-15T02:57:59.727-08:00",
      "Id": -2147483648
    }
  ]
}