{
  "WorkItem": {
    "AffectedComponent": {
      "Name": "",
      "DisplayName": ""
    },
    "ClosedComment": "",
    "ClosedDate": null,
    "CommentCount": 0,
    "Custom": null,
    "Description": "Not sure if there is something wrong with the product or a false alarm. But chrome and firefox complain ExpressProfiler setup is malicious preventing downloads from the browser. See attachment.",
    "LastUpdatedDate": "2016-12-21T20:09:22.277-08:00",
    "PlannedForRelease": "",
    "ReleaseVisibleToPublic": false,
    "Priority": {
      "Name": "Unassigned",
      "Severity": 0,
      "Id": 0
    },
    "ProjectName": "ExpressProfiler",
    "ReportedDate": "2016-12-21T20:09:20.633-08:00",
    "Status": {
      "Name": "Proposed",
      "Id": 1
    },
    "ReasonClosed": {
      "Name": "Unassigned"
    },
    "Summary": "Chrome block downloads of ExpressProfiler",
    "Type": {
      "Name": "Unassigned",
      "Id": 5
    },
    "VoteCount": 1,
    "Id": 2821
  },
  "FileAttachments": [
    {
      "FileId": 3265,
      "FileName": "Capture-maliciouswarning.PNG",
      "DownloadUrl": ".\\3265"
    }
  ],
  "Comments": []
}