{
  "WorkItem": {
    "AffectedComponent": {
      "Name": "",
      "DisplayName": ""
    },
    "ClosedComment": "",
    "ClosedDate": "2014-07-31T15:05:52.733-07:00",
    "CommentCount": 0,
    "Custom": null,
    "Description": "It would be useful to be able to filter by SPID and/or Application name.",
    "LastUpdatedDate": "2017-12-11T00:47:34.73-08:00",
    "PlannedForRelease": "",
    "ReleaseVisibleToPublic": false,
    "Priority": {
      "Name": "Unassigned",
      "Severity": 0,
      "Id": 0
    },
    "ProjectName": "ExpressProfiler",
    "ReportedDate": "2014-06-25T18:50:42.533-07:00",
    "Status": {
      "Name": "Closed",
      "Id": 4
    },
    "ReasonClosed": {
      "Name": "Unassigned"
    },
    "Summary": "SPID/Application filter",
    "Type": {
      "Name": "Feature",
      "Id": 1
    },
    "VoteCount": 2,
    "Id": 2197
  },
  "FileAttachments": [
    {
      "FileId": 904,
      "FileName": "ExpressProfiler.JPG",
      "DownloadUrl": ".\\904"
    }
  ],
  "Comments": [
    {
      "Message": "PLease add Application Name and/or Hostname für Filter. ",
      "PostedDate": "2014-06-27T01:28:47.91-07:00",
      "Id": -2147483648
    },
    {
      "Message": "",
      "PostedDate": "2014-07-31T14:55:33.12-07:00",
      "Id": -2147483648
    },
    {
      "Message": "Resolved with changeset 39247: [1910] The Blocked Process Report\n[2197] SPID/Application filter",
      "PostedDate": "2014-07-31T15:05:52.733-07:00",
      "Id": -2147483648
    },
    {
      "Message": "",
      "PostedDate": "2017-12-11T00:47:34.73-08:00",
      "Id": -2147483648
    }
  ]
}