[
  {
    "Id": "1089306",
    "ThreadId": "455782",
    "Html": "So that when pinned to task bar on Win 7/8, it's unique and distinguishable.\r<br />\n<br />\nThanks for the great tool!<br />\n",
    "PostedDate": "2013-09-06T11:03:52-07:00",
    "UserRole": null,
    "MarkedAsAnswerDate": null
  },
  {
    "Id": "1090479",
    "ThreadId": "455782",
    "Html": "Fixed in v2.0<br />\n",
    "PostedDate": "2013-09-10T00:30:01.367-07:00",
    "UserRole": null,
    "MarkedAsAnswerDate": null
  }
]