[
  {
    "Id": "1090925",
    "ThreadId": "456453",
    "Html": "I'm not sure what I'm doing wrong but the only events I ever see are Trace started/stopped. I was hoping to use this tool to assist in debugging a web application but ut doesn't appear to capture any of the sql queries performed. :\\<br />\n",
    "PostedDate": "2013-09-10T17:28:30.753-07:00",
    "UserRole": null,
    "MarkedAsAnswerDate": null
  },
  {
    "Id": "1091066",
    "ThreadId": "456453",
    "Html": "At first make sure that you are connecting to proper instance of sql server\r<br />\nUse Start Trace/Run with Filters menu to bring up &quot;Trace properties&quot; window, select &quot;Columns and Events&quot; tab and make sure that needed events selected in &quot;Events&quot; category (selected events marked with bold &quot;true&quot; option). Select Batch:Completed event. Hit Run button.\r<br />\nAfter starting trace connect to the same instance with either SSMS or sqlcmd and run, say, sp_who to check if trace is captured.\r<br />\n<br />\nI guess i should add warning when starting trace with no events selected.<br />\n",
    "PostedDate": "2013-09-11T02:48:26.44-07:00",
    "UserRole": null,
    "MarkedAsAnswerDate": null
  },
  {
    "Id": "1091938",
    "ThreadId": "456453",
    "Html": "Hmm. I had already enabled filters and still only see Trace started.\r<br />\n<br />\nI'm using SQLExpress and the app is pre-populating the Server instance field with <strong>.\\SQLExpress</strong>.\r<br />\n<br />\nIf I attempt changing this to <strong>(LocalDb)\\v11.0</strong> it throws an unhandled exception.<br />\n",
    "PostedDate": "2013-09-12T15:19:54.673-07:00",
    "UserRole": null,
    "MarkedAsAnswerDate": null
  }
]