[
  {
    "Id": "1091166",
    "ThreadId": "456518",
    "Html": "I was a little lost trying to connect to LocalDB, so as a documentation: when visual studio works with mssql database file, it starts the LocalDB server (somewhere \\Program Files\\Microsoft SQL Server\\110\\LocalDB\\Binn\\sqlservr.exe), its server address for connection is<br />\n<pre><code>(LocalDB)\\v11.0</code></pre>\n\nIt can be also seen as a data source in the connection string, created by VS.<br />\n",
    "PostedDate": "2013-09-11T06:51:23.15-07:00",
    "UserRole": null,
    "MarkedAsAnswerDate": null
  },
  {
    "Id": "1091936",
    "ThreadId": "456518",
    "Html": "I've attempted to connect with the same string but the application throws an unhandled exception.<br />\n",
    "PostedDate": "2013-09-12T15:18:01.06-07:00",
    "UserRole": null,
    "MarkedAsAnswerDate": null
  },
  {
    "Id": "1093909",
    "ThreadId": "456518",
    "Html": "Is LocalDB server started? Check it in task manager.<br />\nCan VS connect to it?<br />\n",
    "PostedDate": "2013-09-18T01:36:36.85-07:00",
    "UserRole": null,
    "MarkedAsAnswerDate": null
  },
  {
    "Id": "1097836",
    "ThreadId": "456518",
    "Html": "I can connect to, view, query and modify the DB through through SQL Express, Visual Studio Express 2012 and via the browser.\r<br />\n<br />\nDo I need to explicitly start the LocalDB instance as well? I'm fairly new to (and still confused by) the LocalDB vs .SQLExpress instance.\r<br />\n<br />\nIn any case, the <strong>server name</strong> for both SQL and my web.config use <strong>(LocalDB)\\v11.0</strong>.<br />\n",
    "PostedDate": "2013-09-22T17:37:47.313-07:00",
    "UserRole": null,
    "MarkedAsAnswerDate": null
  },
  {
    "Id": "1098080",
    "ThreadId": "456518",
    "Html": "I connect to an already running instance of localdb, started by VS. I probably don't have sql express, as .\\SQLExpress doesn't connect.<br />\n",
    "PostedDate": "2013-09-23T09:10:33.84-07:00",
    "UserRole": null,
    "MarkedAsAnswerDate": null
  },
  {
    "Id": "1098937",
    "ThreadId": "456518",
    "Html": "Not helpful. :) If I wasn't connected my guess is the app wouldn't run, the db wouldn't update and I wouldn't be seeing DB connected in VS.\r\n<br>\r\n<br>\r\n",
    "PostedDate": "2013-09-25T02:30:06.227-07:00",
    "UserRole": null,
    "MarkedAsAnswerDate": null
  },
  {
    "Id": "1108539",
    "ThreadId": "456518",
    "Html": "After some googling I could connect it.<br />\n<br />\nI followed the steps in this <a href=\"http://sanganakauthority.blogspot.com.es/2013/07/how-to-open-sql-profiler-in-sql-express.html\" rel=\"nofollow\">link</a> to get the &quot;Server&quot; connection.<br />\n<br />\nTry the following:<br />\n<ol>\n<li>Open the command prompt and type: <strong>Sqllocaldb info v11.0</strong></li>\n<li>It returns some data, but the important here is the &quot;Instance pipe name&quot;. That is the server connection. In my case is something like &quot;<strong>np:\\.\\pipe\\LOCALDB#1243324\\tsql\\query</strong>&quot;</li>\n<li>\nFinally paste it in the server field of the ExpressProfiler.<br />\n</li>\n</ol>\nGood luck.<br />\n",
    "PostedDate": "2013-10-16T15:50:20.907-07:00",
    "UserRole": null,
    "MarkedAsAnswerDate": null
  },
  {
    "Id": "1257409",
    "ThreadId": "456518",
    "Html": "It could also depend on whether you installed 64-bit sql components as VS is 32-bit, but ExpressProfiler can run as 64-bit.<br />\n",
    "PostedDate": "2014-06-18T04:49:47.55-07:00",
    "UserRole": null,
    "MarkedAsAnswerDate": null
  }
]