[
  {
    "Id": "1142431",
    "ThreadId": "478064",
    "Html": "Great program!\r<br />\n<br />\nThe description of version 2.0 says there are filters on most columns, but I have not been able to see how to set them.<br />\n",
    "PostedDate": "2013-12-26T16:36:04.05-08:00",
    "UserRole": null,
    "MarkedAsAnswerDate": null
  },
  {
    "Id": "1142526",
    "ThreadId": "478064",
    "Html": "use File-&gt;Start Trace-&gt;&quot;Run with filters&quot; or &quot;Run with filters&quot; from drop-down menu in &quot;Run&quot; speed button.<br />\n",
    "PostedDate": "2013-12-27T05:34:33.257-08:00",
    "UserRole": null,
    "MarkedAsAnswerDate": null
  }
]