[
  {
    "Id": "1222507",
    "ThreadId": "538943",
    "Html": "Is there a way to have LoginName filter for 2 names? Condition:Like Value:name1 and name2? <br />\n",
    "PostedDate": "2014-03-13T12:55:00.377-07:00",
    "UserRole": null,
    "MarkedAsAnswerDate": null
  },
  {
    "Id": "1222517",
    "ThreadId": "538943",
    "Html": "At present time - no\r<br />\nHowever i see no problem in implementing such kind of filter in form of comma/semicolon separated list (Value1,Value2,...)\r<br />\nYou can create new &quot;Feature request&quot; issue in issues tracker, I'll try to implement it in nearest release.<br />\n",
    "PostedDate": "2014-03-13T13:14:29.457-07:00",
    "UserRole": null,
    "MarkedAsAnswerDate": "2014-03-17T08:06:09.59-07:00"
  }
]