[
  {
    "Id": "1313171",
    "ThreadId": "569760",
    "Html": "I mostly use the tool for debugging and most of the time, an execution of functionality results to too many executions in the database.  It will be a big help to have this functionality.<br />\n",
    "PostedDate": "2014-10-14T08:23:09.393-07:00",
    "UserRole": null,
    "MarkedAsAnswerDate": null
  },
  {
    "Id": "1313864",
    "ThreadId": "569760",
    "Html": "For primary filtering you can use File-&gt;Start Trace-&gt;Run With Filters menu or drop-down on &quot;Run&quot; button (arrow on the right side of the button)<br />\n",
    "PostedDate": "2014-10-16T00:37:16.91-07:00",
    "UserRole": null,
    "MarkedAsAnswerDate": null
  },
  {
    "Id": "1316260",
    "ThreadId": "569760",
    "Html": "It can be difficult to figure out filters in advance, so it would be nice to try them after the trace is collected.<br />\n",
    "PostedDate": "2014-10-24T06:24:55.28-07:00",
    "UserRole": null,
    "MarkedAsAnswerDate": null
  }
]