{
  "WorkItem": {
    "AffectedComponent": {
      "Name": "",
      "DisplayName": ""
    },
    "ClosedComment": "",
    "ClosedDate": null,
    "CommentCount": 0,
    "Custom": null,
    "Description": "Looking at the properties of the [SqlConnectionStringBuilder Class](http://msdn.microsoft.com/en-us/library/system.data.sqlclient.sqlconnectionstringbuilder%28v=vs.110%29.aspx), I see that not all possible columns are being used.  For example, the WorkstationID is neither available as a visible column, nor as a filter.  Are you able to add this?\n\nThanks,",
    "LastUpdatedDate": "2016-04-14T17:35:21.983-07:00",
    "PlannedForRelease": "",
    "ReleaseVisibleToPublic": false,
    "Priority": {
      "Name": "Unassigned",
      "Severity": 0,
      "Id": 0
    },
    "ProjectName": "ExpressProfiler",
    "ReportedDate": "2014-12-26T09:09:04.79-08:00",
    "Status": {
      "Name": "Proposed",
      "Id": 1
    },
    "ReasonClosed": {
      "Name": "Unassigned"
    },
    "Summary": "More Columns",
    "Type": {
      "Name": "Unassigned",
      "Id": 5
    },
    "VoteCount": 2,
    "Id": 2598
  },
  "FileAttachments": [],
  "Comments": []
}