{
  "WorkItem": {
    "AffectedComponent": {
      "Name": "",
      "DisplayName": ""
    },
    "ClosedComment": "",
    "ClosedDate": null,
    "CommentCount": 0,
    "Custom": null,
    "Description": "I'd like to request the ability to have LoginName filter for 2 names? Condition:Like Value:name1 and name2\n\nThis can be separated by a comma (,) or semi-colon (;) or anything else that makes sense.\n\nThanks!",
    "LastUpdatedDate": "2017-12-11T00:47:34.147-08:00",
    "PlannedForRelease": "",
    "ReleaseVisibleToPublic": false,
    "Priority": {
      "Name": "Unassigned",
      "Severity": 0,
      "Id": 0
    },
    "ProjectName": "ExpressProfiler",
    "ReportedDate": "2014-03-17T08:10:54.853-07:00",
    "Status": {
      "Name": "Active",
      "Id": 2
    },
    "ReasonClosed": {
      "Name": "Unassigned"
    },
    "Summary": "Feature request - more than one value for filters",
    "Type": {
      "Name": "Feature",
      "Id": 1
    },
    "VoteCount": 3,
    "Id": 1924
  },
  "FileAttachments": [],
  "Comments": []
}