{
  "WorkItem": {
    "AffectedComponent": {
      "Name": "",
      "DisplayName": ""
    },
    "ClosedComment": "",
    "ClosedDate": null,
    "CommentCount": 0,
    "Custom": null,
    "Description": "Online statistics by normalized statements collects and shows executions statistics (read/writes/cpu/duration) grouped by normalized (with literals replaced by placeholders)  statements",
    "LastUpdatedDate": "2017-12-11T00:47:32.983-08:00",
    "PlannedForRelease": "",
    "ReleaseVisibleToPublic": false,
    "Priority": {
      "Name": "Unassigned",
      "Severity": 0,
      "Id": 0
    },
    "ProjectName": "ExpressProfiler",
    "ReportedDate": "2013-07-29T02:07:10.723-07:00",
    "Status": {
      "Name": "Proposed",
      "Id": 1
    },
    "ReasonClosed": {
      "Name": "Unassigned"
    },
    "Summary": "Online statistics by normalized statements",
    "Type": {
      "Name": "Feature",
      "Id": 1
    },
    "VoteCount": 3,
    "Id": 1670
  },
  "FileAttachments": [],
  "Comments": []
}