{
  "WorkItem": {
    "AffectedComponent": {
      "Name": "",
      "DisplayName": ""
    },
    "ClosedComment": "",
    "ClosedDate": null,
    "CommentCount": 0,
    "Custom": null,
    "Description": "\"exec('select\\n1')\" is captured as \"exec('select1')\", where \"\\n\" disappears.",
    "LastUpdatedDate": "2017-12-11T00:47:33.52-08:00",
    "PlannedForRelease": "",
    "ReleaseVisibleToPublic": false,
    "Priority": {
      "Name": "Unassigned",
      "Severity": 0,
      "Id": 0
    },
    "ProjectName": "ExpressProfiler",
    "ReportedDate": "2013-09-10T00:30:59.917-07:00",
    "Status": {
      "Name": "Active",
      "Id": 2
    },
    "ReasonClosed": {
      "Name": "Unassigned"
    },
    "Summary": "Bug with single \\n in sql",
    "Type": {
      "Name": "Issue",
      "Id": 3
    },
    "VoteCount": 2,
    "Id": 1765
  },
  "FileAttachments": [],
  "Comments": [
    {
      "Message": "Can be fixed by patch 17932. Please review.",
      "PostedDate": "2015-10-24T10:12:33.297-07:00",
      "Id": -2147483648
    },
    {
      "Message": "",
      "PostedDate": "2017-12-11T00:47:33.52-08:00",
      "Id": -2147483648
    }
  ]
}