{
  "WorkItem": {
    "AffectedComponent": {
      "Name": "",
      "DisplayName": ""
    },
    "ClosedComment": "",
    "ClosedDate": null,
    "CommentCount": 0,
    "Custom": null,
    "Description": "Online query normalization converts all numeric/string/date/etc constants/literals to placeholders\nIt helps to find/aggregate queries with the same query text but with different parameters",
    "LastUpdatedDate": "2017-12-11T00:47:32.337-08:00",
    "PlannedForRelease": "",
    "ReleaseVisibleToPublic": false,
    "Priority": {
      "Name": "Unassigned",
      "Severity": 0,
      "Id": 0
    },
    "ProjectName": "ExpressProfiler",
    "ReportedDate": "2013-07-29T02:01:56.33-07:00",
    "Status": {
      "Name": "Proposed",
      "Id": 1
    },
    "ReasonClosed": {
      "Name": "Unassigned"
    },
    "Summary": "Online query normalization",
    "Type": {
      "Name": "Feature",
      "Id": 1
    },
    "VoteCount": 2,
    "Id": 1668
  },
  "FileAttachments": [],
  "Comments": []
}