{
  "WorkItem": {
    "AffectedComponent": {
      "Name": "",
      "DisplayName": ""
    },
    "ClosedComment": "",
    "ClosedDate": null,
    "CommentCount": 0,
    "Custom": null,
    "Description": "Feature Request -> it would be great to have a column chooser UI to show/hide columns in the results grid. \n\nLooking at the code there is a \"DatabaseName\" column which is shown if the  m_currentsettings.EventsColumns.DatabaseName prop is set. The problem is this is never set in the code and there is no command line arg defined for this column that i can see. There is a filter arg but not an event column arg.",
    "LastUpdatedDate": "2016-07-09T03:33:25.407-07:00",
    "PlannedForRelease": "",
    "ReleaseVisibleToPublic": false,
    "Priority": {
      "Name": "Unassigned",
      "Severity": 0,
      "Id": 0
    },
    "ProjectName": "ExpressProfiler",
    "ReportedDate": "2016-04-14T17:39:26.583-07:00",
    "Status": {
      "Name": "Proposed",
      "Id": 1
    },
    "ReasonClosed": {
      "Name": "Unassigned"
    },
    "Summary": "DatabaseName column",
    "Type": {
      "Name": "Unassigned",
      "Id": 5
    },
    "VoteCount": 2,
    "Id": 2787
  },
  "FileAttachments": [],
  "Comments": []
}