{
  "WorkItem": {
    "AffectedComponent": {
      "Name": "",
      "DisplayName": ""
    },
    "ClosedComment": "",
    "ClosedDate": null,
    "CommentCount": 0,
    "Custom": null,
    "Description": "Online extraction of actual query from prepared statements/sp_executesql renders actual query text from prepared statements (sp_prepare/sp_execute/sp_fetch/etc) and sp_executesql and makes query exploration more convenient",
    "LastUpdatedDate": "2017-12-11T00:47:32.777-08:00",
    "PlannedForRelease": "",
    "ReleaseVisibleToPublic": false,
    "Priority": {
      "Name": "Unassigned",
      "Severity": 0,
      "Id": 0
    },
    "ProjectName": "ExpressProfiler",
    "ReportedDate": "2013-07-29T02:04:22.1-07:00",
    "Status": {
      "Name": "Proposed",
      "Id": 1
    },
    "ReasonClosed": {
      "Name": "Unassigned"
    },
    "Summary": "online extraction of actual query from prepared statements/sp_executesql",
    "Type": {
      "Name": "Feature",
      "Id": 1
    },
    "VoteCount": 3,
    "Id": 1669
  },
  "FileAttachments": [
    {
      "FileId": 700,
      "FileName": "sp_executesql.zip",
      "DownloadUrl": ".\\700"
    }
  ],
  "Comments": [
    {
      "Message": "I've done the sp_executesql extraction. Hmm, it's just files, dunno, do you want an actual diff?",
      "PostedDate": "2013-09-11T05:43:31.257-07:00",
      "Id": -2147483648
    },
    {
      "Message": "Oh, oops, it can't parse multiline strings yet, needs work.",
      "PostedDate": "2013-09-11T05:57:19.56-07:00",
      "Id": -2147483648
    },
    {
      "Message": "Or it can? Strange... how?",
      "PostedDate": "2013-09-11T06:02:58.22-07:00",
      "Id": -2147483648
    },
    {
      "Message": "Ah, indeed, it parses newline chars as string tokens too.",
      "PostedDate": "2013-09-11T06:09:26.663-07:00",
      "Id": -2147483648
    },
    {
      "Message": "",
      "PostedDate": "2014-02-04T13:39:18.493-08:00",
      "Id": -2147483648
    },
    {
      "Message": "",
      "PostedDate": "2014-06-05T08:30:22.773-07:00",
      "Id": -2147483648
    },
    {
      "Message": "",
      "PostedDate": "2017-12-11T00:47:32.777-08:00",
      "Id": -2147483648
    }
  ]
}