{
  "WorkItem": {
    "AffectedComponent": {
      "Name": "",
      "DisplayName": ""
    },
    "ClosedComment": "",
    "ClosedDate": "2014-01-05T06:48:45.367-08:00",
    "CommentCount": 0,
    "Custom": null,
    "Description": "Apart form column EventClass, TextData, Login Name etc, we need DateTime Column, which will be useful to see the execution date and time.",
    "LastUpdatedDate": "2014-01-05T06:48:45.367-08:00",
    "PlannedForRelease": "",
    "ReleaseVisibleToPublic": false,
    "Priority": {
      "Name": "Unassigned",
      "Severity": 0,
      "Id": 0
    },
    "ProjectName": "ExpressProfiler",
    "ReportedDate": "2013-11-28T21:18:04.603-08:00",
    "Status": {
      "Name": "Closed",
      "Id": 4
    },
    "ReasonClosed": {
      "Name": "Answered"
    },
    "Summary": "Need DataTime on Trace Grid View.",
    "Type": {
      "Name": "Unassigned",
      "Id": 5
    },
    "VoteCount": 1,
    "Id": 1833
  },
  "FileAttachments": [],
  "Comments": [
    {
      "Message": "you can use Start Trace/Run with filters -> Columns&Events -> Start Time, End Time\n",
      "PostedDate": "2013-11-28T21:44:27.937-08:00",
      "Id": -2147483648
    },
    {
      "Message": "",
      "PostedDate": "2014-01-05T06:48:45.367-08:00",
      "Id": -2147483648
    }
  ]
}