{
  "WorkItem": {
    "AffectedComponent": {
      "Name": "",
      "DisplayName": ""
    },
    "ClosedComment": "",
    "ClosedDate": "2013-09-10T00:20:22.943-07:00",
    "CommentCount": 0,
    "Custom": null,
    "Description": "Need save current row selected when rows be added.",
    "LastUpdatedDate": "2017-12-11T00:47:33.32-08:00",
    "PlannedForRelease": "",
    "ReleaseVisibleToPublic": false,
    "Priority": {
      "Name": "Medium",
      "Severity": 100,
      "Id": 2
    },
    "ProjectName": "ExpressProfiler",
    "ReportedDate": "2013-08-30T00:11:48.927-07:00",
    "Status": {
      "Name": "Closed",
      "Id": 4
    },
    "ReasonClosed": {
      "Name": "Unassigned"
    },
    "Summary": "Current row lost focus.",
    "Type": {
      "Name": "Issue",
      "Id": 3
    },
    "VoteCount": 2,
    "Id": 1751
  },
  "FileAttachments": [],
  "Comments": [
    {
      "Message": "Resolved with changeset 30766.",
      "PostedDate": "2013-09-10T00:20:22.943-07:00",
      "Id": -2147483648
    },
    {
      "Message": "",
      "PostedDate": "2017-12-11T00:47:33.32-08:00",
      "Id": -2147483648
    }
  ]
}