{
  "WorkItem": {
    "AffectedComponent": {
      "Name": "",
      "DisplayName": ""
    },
    "ClosedComment": "",
    "ClosedDate": "2014-07-31T14:45:47.177-07:00",
    "CommentCount": 0,
    "Custom": null,
    "Description": "Again, as with SQL Profiler there should be Start Time and End Time columns in the list view.",
    "LastUpdatedDate": "2017-12-11T00:47:34.587-08:00",
    "PlannedForRelease": "",
    "ReleaseVisibleToPublic": false,
    "Priority": {
      "Name": "Unassigned",
      "Severity": 0,
      "Id": 0
    },
    "ProjectName": "ExpressProfiler",
    "ReportedDate": "2014-06-11T05:39:05.293-07:00",
    "Status": {
      "Name": "Closed",
      "Id": 4
    },
    "ReasonClosed": {
      "Name": "Unassigned"
    },
    "Summary": "List view requires start and end time columns",
    "Type": {
      "Name": "Feature",
      "Id": 1
    },
    "VoteCount": 1,
    "Id": 2146
  },
  "FileAttachments": [],
  "Comments": [
    {
      "Message": "Use Run->Run with filters->Columns and events->Columns\n",
      "PostedDate": "2014-06-17T12:22:03.99-07:00",
      "Id": -2147483648
    },
    {
      "Message": "Thanks. Would be handy if columns could be configured via right click on the list header or allow drag and drop to rearrange them.",
      "PostedDate": "2014-06-17T23:02:36.41-07:00",
      "Id": -2147483648
    },
    {
      "Message": "",
      "PostedDate": "2014-07-31T14:43:28.153-07:00",
      "Id": -2147483648
    },
    {
      "Message": "Resolved with changeset 39246: [2146] List view requires start and end time columns\n[2226] Menus should have access keys\n[2258] Unhandled exception when Server is inaccessible",
      "PostedDate": "2014-07-31T14:45:47.177-07:00",
      "Id": -2147483648
    },
    {
      "Message": "",
      "PostedDate": "2017-12-11T00:47:34.587-08:00",
      "Id": -2147483648
    }
  ]
}