{
  "WorkItem": {
    "AffectedComponent": {
      "Name": "",
      "DisplayName": ""
    },
    "ClosedComment": "",
    "ClosedDate": "2013-09-10T00:20:29.117-07:00",
    "CommentCount": 0,
    "Custom": null,
    "Description": "Additional filtering by host/login name, query text, etc",
    "LastUpdatedDate": "2017-12-11T00:47:33.137-08:00",
    "PlannedForRelease": "",
    "ReleaseVisibleToPublic": false,
    "Priority": {
      "Name": "Unassigned",
      "Severity": 0,
      "Id": 0
    },
    "ProjectName": "ExpressProfiler",
    "ReportedDate": "2013-07-29T02:07:35.807-07:00",
    "Status": {
      "Name": "Closed",
      "Id": 4
    },
    "ReasonClosed": {
      "Name": "Unassigned"
    },
    "Summary": "Additional filtering by host/login name, query text, etc",
    "Type": {
      "Name": "Feature",
      "Id": 1
    },
    "VoteCount": 4,
    "Id": 1671
  },
  "FileAttachments": [],
  "Comments": [
    {
      "Message": "Resolved with changeset 30766.",
      "PostedDate": "2013-09-10T00:20:29.117-07:00",
      "Id": -2147483648
    },
    {
      "Message": "This is NOT resolved.",
      "PostedDate": "2015-02-25T07:00:03.54-08:00",
      "Id": -2147483648
    },
    {
      "Message": "",
      "PostedDate": "2017-12-11T00:47:33.137-08:00",
      "Id": -2147483648
    }
  ]
}