{
  "WorkItem": {
    "AffectedComponent": {
      "Name": "",
      "DisplayName": ""
    },
    "ClosedComment": "",
    "ClosedDate": "2013-07-29T02:17:33.137-07:00",
    "CommentCount": 0,
    "Custom": null,
    "Description": "If possible, add the current (or server)-DateTime as first column to the overview.",
    "LastUpdatedDate": "2017-12-11T00:47:31.407-08:00",
    "PlannedForRelease": "",
    "ReleaseVisibleToPublic": false,
    "Priority": {
      "Name": "Unassigned",
      "Severity": 0,
      "Id": 0
    },
    "ProjectName": "ExpressProfiler",
    "ReportedDate": "2013-03-28T11:42:20.94-07:00",
    "Status": {
      "Name": "Closed",
      "Id": 4
    },
    "ReasonClosed": {
      "Name": "Fixed"
    },
    "Summary": "Add Current Date/Time",
    "Type": {
      "Name": "Feature",
      "Id": 1
    },
    "VoteCount": 1,
    "Id": 1545
  },
  "FileAttachments": [
    {
      "FileId": 663,
      "FileName": "MainForm.cs.patch",
      "DownloadUrl": ".\\663"
    }
  ],
  "Comments": [
    {
      "Message": "Here's a simple patch to add a Date column to it, It's added before # column.",
      "PostedDate": "2013-06-16T20:55:41.867-07:00",
      "Id": -2147483648
    },
    {
      "Message": "Resolved with changeset 27578.",
      "PostedDate": "2013-06-17T12:37:12.567-07:00",
      "Id": -2147483648
    },
    {
      "Message": "** Closed by ExpressProfiler 6/17/2013 12:37 PM",
      "PostedDate": "2013-06-17T12:46:55.49-07:00",
      "Id": -2147483648
    },
    {
      "Message": "",
      "PostedDate": "2013-06-17T12:46:55.947-07:00",
      "Id": -2147483648
    },
    {
      "Message": "",
      "PostedDate": "2013-06-17T12:46:56.297-07:00",
      "Id": -2147483648
    },
    {
      "Message": "",
      "PostedDate": "2013-07-29T02:17:33.137-07:00",
      "Id": -2147483648
    },
    {
      "Message": "",
      "PostedDate": "2013-07-29T02:17:33.803-07:00",
      "Id": -2147483648
    },
    {
      "Message": "",
      "PostedDate": "2017-12-11T00:47:31.407-08:00",
      "Id": -2147483648
    }
  ]
}